-- MySQL dump 10.13  Distrib 8.0.23, for Win64 (x86_64)
--
-- Host: localhost    Database: yukiyu
-- ------------------------------------------------------
-- Server version	8.0.23

/*!40101 SET @OLD_CHARACTER_SET_CLIENT=@@CHARACTER_SET_CLIENT */;
/*!40101 SET @OLD_CHARACTER_SET_RESULTS=@@CHARACTER_SET_RESULTS */;
/*!40101 SET @OLD_COLLATION_CONNECTION=@@COLLATION_CONNECTION */;
/*!50503 SET NAMES utf8mb4 */;
/*!40103 SET @OLD_TIME_ZONE=@@TIME_ZONE */;
/*!40103 SET TIME_ZONE='+00:00' */;
/*!40014 SET @OLD_UNIQUE_CHECKS=@@UNIQUE_CHECKS, UNIQUE_CHECKS=0 */;
/*!40014 SET @OLD_FOREIGN_KEY_CHECKS=@@FOREIGN_KEY_CHECKS, FOREIGN_KEY_CHECKS=0 */;
/*!40101 SET @OLD_SQL_MODE=@@SQL_MODE, SQL_MODE='NO_AUTO_VALUE_ON_ZERO' */;
/*!40111 SET @OLD_SQL_NOTES=@@SQL_NOTES, SQL_NOTES=0 */;

--
-- Table structure for table `acfun`
--

DROP TABLE IF EXISTS `acfun`;
/*!40101 SET @saved_cs_client     = @@character_set_client */;
/*!50503 SET character_set_client = utf8mb4 */;
CREATE TABLE `acfun` (
  `bangumi_id` int NOT NULL,
  `title` varchar(50) NOT NULL,
  `play_url` varchar(150) NOT NULL,
  `episode` varchar(10) NOT NULL,
  `last_update` date DEFAULT NULL,
  PRIMARY KEY (`bangumi_id`)
) ENGINE=InnoDB DEFAULT CHARSET=utf8mb4 COLLATE=utf8mb4_0900_ai_ci;
/*!40101 SET character_set_client = @saved_cs_client */;

--
-- Dumping data for table `acfun`
--

LOCK TABLES `acfun` WRITE;
/*!40000 ALTER TABLE `acfun` DISABLE KEYS */;
INSERT INTO `acfun` VALUES (640150,'警视厅特务部特殊凶恶犯对策室第七课 -特7-','https://www.acfun.cn/bangumi/aa6000220','OVA','2021-06-06'),(640231,'阴阳师·平安物语 第2季 中配版','https://www.acfun.cn/bangumi/aa5025196','第13话','2021-06-06'),(800229,'变形金刚-塞伯坦传奇 第二季','https://www.acfun.cn/bangumi/aa5024920','第10话','2021-06-08'),(1300349,'摇曳露营△ 第二季','https://www.acfun.cn/bangumi/aa6004596','第13话','2021-06-10'),(1300389,'金光御九界之仙古狂涛','https://www.acfun.cn/bangumi/aa6004671','第11话（上/下）','2021-06-10'),(1300428,'舞伎家的料理人','https://www.acfun.cn/bangumi/aa6004897','第2话','2021-06-10'),(1300466,'摇滚少女!!STARS!! - SHOW BY ROCK!! STARS!!','https://www.acfun.cn/bangumi/aa6004597','第12话','2021-06-10'),(1300507,'强袭魔女：通往柏林之路','https://www.acfun.cn/bangumi/aa6003908','第12话','2021-06-10'),(1300549,'人类博物馆','https://www.acfun.cn/bangumi/aa6002978','第35话','2021-06-10'),(1300586,'日本沉没2020','https://www.acfun.cn/bangumi/aa6002684','第10话','2021-06-10'),(2000147,'碧蓝幻想 第二季','https://www.acfun.cn/bangumi/aa6000221','EXTRA2','2021-06-05'),(2160224,'王者天下  第三季','https://www.acfun.cn/bangumi/aa6001869','第4话','2021-06-07'),(4500162,'黄逗菌','https://www.acfun.cn/bangumi/aa6004622','第49话','2021-06-08'),(4500236,'獭獭突然想到','https://www.acfun.cn/bangumi/aa6002820','第16话（番外篇）','2021-06-08'),(4500285,'世说新语','https://www.acfun.cn/bangumi/aa6000986','第12话','2021-06-08'),(4500302,'吾猫当仙','https://www.acfun.cn/bangumi/aa6000322','第12话','2021-06-08'),(4500341,'你遭难了吗？','https://www.acfun.cn/bangumi/aa5024886','第十二话','2021-06-08'),(4500364,'神雕实验室','https://www.acfun.cn/bangumi/aa5024637','第三十集','2021-06-08'),(5860363,'里世界郊游','https://www.acfun.cn/bangumi/aa6004598','第12话','2021-06-07'),(5860522,'好比是最终迷宫前的少年到新手村生活一般的故事','https://www.acfun.cn/bangumi/aa6004592','第12话','2021-06-07'),(5860568,'埃及神明们的日常','https://www.acfun.cn/bangumi/aa6003909','第10话','2021-06-07'),(5860716,'大欺诈师GREAT PRETENDER','https://www.acfun.cn/bangumi/aa6002662','第23话','2021-06-07'),(5860847,'成群逐队！西顿学园','https://www.acfun.cn/bangumi/aa6000898','第12话','2021-06-07'),(5860898,'房间露营','https://www.acfun.cn/bangumi/aa6000901','第12话','2021-06-07'),(6807306,'大贵族','https://www.acfun.cn/bangumi/aa6003907','第13话','2021-06-09'),(6807341,'球咏','https://www.acfun.cn/bangumi/aa6001746','第12话','2021-06-09'),(6807361,'旗扬！兽道','https://www.acfun.cn/bangumi/aa6000218','第12话','2021-06-09'),(6807386,'小凉帽之白鹭归来','https://www.acfun.cn/bangumi/aa6000945','第26话','2021-06-09'),(6807405,'慢树懒六六','https://www.acfun.cn/bangumi/aa5024826','第二十三话','2021-06-09'),(6807427,'通灵妃 东北话版','https://www.acfun.cn/bangumi/aa5023312','第十六集','2021-06-09'),(6807448,'我为苍生','https://www.acfun.cn/bangumi/aa5023557','第二十四集','2021-06-09'),(7220362,'怪病医拉姆尼','https://www.acfun.cn/bangumi/aa6004595','第12话','2021-06-06'),(7220403,'怪物事变','https://www.acfun.cn/bangumi/aa6004594','第12话','2021-06-06'),(7220443,'前说！','https://www.acfun.cn/bangumi/aa6003906','第12话','2021-06-06'),(7220479,'大话之少年游','https://www.acfun.cn/bangumi/aa6003524','第16话','2021-06-06'),(7220560,'小狼旺吉','https://www.acfun.cn/bangumi/aa6000838_36188_1706376','第14话','2021-06-06'),(8580409,'奥特英雄传泽塔 英雄之路','https://www.acfun.cn/bangumi/aa6005299','第13话','2021-06-05'),(8580444,'小仓鼠笛笛的吃播日常','https://www.acfun.cn/bangumi/aa6002251','第80话','2021-06-05'),(8580503,'与汪汪喵喵同居的开心日常','https://www.acfun.cn/bangumi/aa6004182','第24话','2021-06-05'),(8580536,'卡片战斗先导者外传 -if-','https://www.acfun.cn/bangumi/aa6002672','第25话','2021-06-05'),(8580567,'租借女友','https://www.acfun.cn/bangumi/aa6002917','第12话','2021-06-05'),(8580601,'请在T台上微笑','https://www.acfun.cn/bangumi/aa6000897','第12话','2021-06-05'),(9940244,'魏晋小剧场','https://www.acfun.cn/bangumi/aa6004912','第11话','2021-06-04'),(9940289,'天地创造设计部','https://www.acfun.cn/bangumi/aa6004593','第13话','2021-06-04'),(9940330,'索斯机兽ZERO','https://www.acfun.cn/bangumi/aa6000307','第50话','2021-06-04'),(9940366,'天晴烂漫！','https://www.acfun.cn/bangumi/aa6001744','第13话','2021-06-04'),(9940407,'富豪刑事 Balance:UNLIMITED','https://www.acfun.cn/bangumi/aa6001747','第11话','2021-06-04'),(9940447,'私宠甜心宝贝','https://www.acfun.cn/bangumi/aa6003055','第12话','2021-06-04'),(9940480,'座敷童子榻榻米酱','https://www.acfun.cn/bangumi/aa6001748','第12话','2021-04-23');
/*!40000 ALTER TABLE `acfun` ENABLE KEYS */;
UNLOCK TABLES;
/*!50003 SET @saved_cs_client      = @@character_set_client */ ;
/*!50003 SET @saved_cs_results     = @@character_set_results */ ;
/*!50003 SET @saved_col_connection = @@collation_connection */ ;
/*!50003 SET character_set_client  = utf8mb4 */ ;
/*!50003 SET character_set_results = utf8mb4 */ ;
/*!50003 SET collation_connection  = utf8mb4_0900_ai_ci */ ;
/*!50003 SET @saved_sql_mode       = @@sql_mode */ ;
/*!50003 SET sql_mode              = 'ONLY_FULL_GROUP_BY,STRICT_TRANS_TABLES,NO_ZERO_IN_DATE,NO_ZERO_DATE,ERROR_FOR_DIVISION_BY_ZERO,NO_ENGINE_SUBSTITUTION' */ ;
DELIMITER ;;
/*!50003 CREATE*/ /*!50017 DEFINER=`root`@`%`*/ /*!50003 TRIGGER `delete_on_acfun` AFTER DELETE ON `acfun` FOR EACH ROW begin
            if (ifexist_bili(old.bangumi_id)=-1 AND ifexist_AGE(old.bangumi_id)=-1) then
                begin
                    delete from bangumi_list
                    where bangumi_list.bangumi_id = old.bangumi_id;
                end;
            end if;
        end */;;
DELIMITER ;
/*!50003 SET sql_mode              = @saved_sql_mode */ ;
/*!50003 SET character_set_client  = @saved_cs_client */ ;
/*!50003 SET character_set_results = @saved_cs_results */ ;
/*!50003 SET collation_connection  = @saved_col_connection */ ;

--
-- Table structure for table `age`
--

DROP TABLE IF EXISTS `age`;
/*!40101 SET @saved_cs_client     = @@character_set_client */;
/*!50503 SET character_set_client = utf8mb4 */;
CREATE TABLE `age` (
  `bangumi_id` int NOT NULL,
  `title` varchar(50) NOT NULL,
  `play_url` varchar(50) NOT NULL,
  `episode` varchar(50) NOT NULL,
  `last_update` date NOT NULL,
  `follows` int DEFAULT NULL,
  `plays` int DEFAULT NULL,
  PRIMARY KEY (`bangumi_id`)
) ENGINE=InnoDB DEFAULT CHARSET=utf8;
/*!40101 SET character_set_client = @saved_cs_client */;

--
-- Dumping data for table `age`
--

LOCK TABLES `age` WRITE;
/*!40000 ALTER TABLE `age` DISABLE KEYS */;
INSERT INTO `age` VALUES (20321,'入间同学入魔了 第二季','https://www.agefans.net/detail/20210146','19:00 第5话','2021-05-22',NULL,NULL),(1300310,'佐贺偶像是传奇 卷土重来','https://www.agefans.net/detail/20210108','23:45 第6话','2021-05-20',NULL,NULL),(1300428,'舞伎家的料理人','https://www.agefans.net/detail/20210116','第3话(每月更新一集)','2021-04-29',NULL,NULL),(1300466,'大运动会 ReSTART！','https://www.agefans.net/detail/20210106','第7话','2021-05-23',NULL,NULL),(1300586,'数码宝贝大冒险(2020)','https://www.agefans.net/detail/20200095','第49话','2021-05-23',NULL,NULL),(1380276,'异世界魔王与召唤少女的奴隶魔术 第二季','https://www.agefans.net/detail/20210101','15:00 第7集','2021-05-21',NULL,NULL),(1457830,'Vivy -Fluorite Eye s Song-','https://www.agefans.net/detail/20210062','00:00 第9话','2021-05-23',NULL,NULL),(2160224,'王者天下 第三季','https://www.agefans.net/detail/20200121','第8话','2021-05-24',NULL,NULL),(2180241,'七原罪 第四季(愤怒的审判)','https://www.agefans.net/detail/20200168','17:35 第19话','2021-05-26',NULL,NULL),(2302798,'转生成蜘蛛又怎样','https://www.agefans.net/detail/20190019','21:30 第18话','2021-05-21',NULL,NULL),(2740369,'黑塔利亚 World★Stars','https://www.agefans.net/detail/20210164','00:05 第8集','2021-05-20',NULL,NULL),(2740531,'通灵王(2021)','https://www.agefans.net/detail/20210107','18:00 第7集','2021-05-20',NULL,NULL),(2740678,'Fairy兰丸～让我来帮助你的心～','https://www.agefans.net/detail/20210140','第7话','2021-05-22',NULL,NULL),(4080244,'博人传 火影忍者新时代','https://www.agefans.net/detail/20170172','17:30 第200话','2021-05-23',NULL,NULL),(4100314,'扰乱 THE PRINCESS OF SNOW AND BLOOD','https://www.agefans.net/detail/20210165','00:00 第9集','2021-05-26',NULL,NULL),(4100450,'青梅竹马绝对不会输的恋爱喜剧','https://www.agefans.net/detail/20210017','21:30 第6集','2021-05-26',NULL,NULL),(4100676,'如果究极进化的完全沉浸RPG比现实更垃圾的话','https://www.agefans.net/detail/20210109','22:30 第7集','2021-05-26',NULL,NULL),(4100846,'本田小狼与我','https://www.agefans.net/detail/20200222','23:30 第7话','2021-05-26',NULL,NULL),(4131635,'后空翻！！','https://www.agefans.net/detail/20210118','01:40 第7话','2021-05-21',NULL,NULL),(5460261,'致不灭的你','https://www.agefans.net/detail/20200180','00:30 第7集','2021-05-25',NULL,NULL),(5460382,'水果篮子 最终季','https://www.agefans.net/detail/20210112','01:30 第8集','2021-05-25',NULL,NULL),(5460583,'MARS RED','https://www.agefans.net/detail/20210001','第8集','2021-05-25',NULL,NULL),(5460716,'奇巧计程车','https://www.agefans.net/detail/20210167','第8话','2021-05-25',NULL,NULL),(5460984,'转生史莱姆日记','https://www.agefans.net/detail/20200167','23:30 第7话','2021-05-25',NULL,NULL),(5461098,'闪亮美妙☆频道 第三季','https://www.agefans.net/detail/20200187','第147话','2021-04-27',NULL,NULL),(5920229,'86-不存在的地域-','https://www.agefans.net/detail/20210061','00:30 第7话','2021-05-23',NULL,NULL),(6400232,'结城友奈是勇者 啾噜！','https://www.agefans.net/detail/20210147','第7话','2021-05-23',NULL,NULL),(6820380,'再见了，我的克拉默','https://www.agefans.net/detail/20210139','00:00 第8话','2021-05-24',NULL,NULL),(6820510,'七骑士 革命 -英雄的继承者-','https://www.agefans.net/detail/20210083','00:30 第8话','2021-05-24',NULL,NULL),(6820615,'如果这叫爱情感觉会很恶心','https://www.agefans.net/detail/20210078','20:45 第8集','2021-05-24',NULL,NULL),(6820713,'剃须。然后捡到女高中生','https://www.agefans.net/detail/20200287','23:00 第7话','2021-05-24',NULL,NULL),(6820849,'如果烧陶的话也做个马克杯吧','https://www.agefans.net/detail/20210027','23:30 第7集','2021-05-24',NULL,NULL),(7055967,'圣女魔力无所不能','https://www.agefans.net/detail/20210048','00:00 第8话','2021-05-26',NULL,NULL),(7220155,'伊甸星原','https://www.agefans.net/detail/20210057','01:25 第7集','2021-05-23',NULL,NULL),(7220236,'龙族买房','https://www.agefans.net/detail/20210128','22:00 第7话','2021-05-23',NULL,NULL),(7220281,'NOMAD MEGALO BOX 2','https://www.agefans.net/detail/20200052','23:00 第7话','2021-05-23',NULL,NULL),(7220322,'忧国的莫里亚蒂 第二季','https://www.agefans.net/detail/20210152','23:00 第18话','2021-05-23',NULL,NULL),(7600256,'弱势角色友崎君','https://www.agefans.net/detail/20200346','第OVA1话(完结)','2021-05-20',NULL,NULL),(8100195,'BACK ARROW','https://www.agefans.net/detail/20200082','00:30 第20话','2021-05-22',NULL,NULL),(8180510,'哥斯拉 奇点','https://www.agefans.net/detail/20210023','第9集','2021-05-25',NULL,NULL),(8180679,'不要欺负我，长瀞同学','https://www.agefans.net/detail/20210066','00:30 第7话','2021-05-23',NULL,NULL),(8180825,'影宅','https://www.agefans.net/detail/20210105','01:00 第7话','2021-05-23',NULL,NULL),(8181170,'美少年侦探团','https://www.agefans.net/detail/20210138','02:30 第7话','2021-05-23',NULL,NULL),(8181339,'东京卍复仇者','https://www.agefans.net/detail/20210007','02:38 第7集','2021-05-23',NULL,NULL),(8181629,'假面骑士圣刃','https://www.agefans.net/detail/20200305','第36集','2021-05-23',NULL,NULL),(8181797,'Tropical-Rouge！光之美少女','https://www.agefans.net/detail/20210100','第13集','2021-05-23',NULL,NULL),(8181962,'海贼王','https://www.agefans.net/detail/20000001','第975话','2021-05-23',NULL,NULL),(8182127,'战斗员派遣中！','https://www.agefans.net/detail/20210080','21:30 第7话','2021-05-23',NULL,NULL),(8580174,'蔚蓝反射 澪','https://www.agefans.net/detail/20210104','02:30 第7话','2021-05-22',NULL,NULL),(8580294,'纯白之音','https://www.agefans.net/detail/20210028','03:00 第8集','2021-05-22',NULL,NULL),(8580333,'卡片战斗先导者!!Vanguard overDress','https://www.agefans.net/detail/20210174','第4话','2021-05-08',NULL,NULL),(8580374,'打了300年的史莱姆 不知不觉就练到了满级','https://www.agefans.net/detail/20200017','21:30 第6话','2021-05-22',NULL,NULL),(9540573,'名侦探柯南','https://www.agefans.net/detail/20000005','本周停播 19:30 第1063集','2021-05-22',NULL,NULL),(9540807,'灼热卡巴迪','https://www.agefans.net/detail/20200267','01:23 第8话','2021-05-22',NULL,NULL),(9541034,'BLUE REFLECTION RAY - 澪','https://www.agefans.net/detail/20210104','02:30 第3话','2021-04-24',NULL,NULL),(9541393,'美妙世界','https://www.agefans.net/detail/20200260','02:55 第7话','2021-05-22',NULL,NULL),(9542424,'勇者斗恶龙 达伊的大冒险','https://www.agefans.net/detail/20200319','第33话','2021-05-22',NULL,NULL),(9542762,'斗罗大陆','https://www.agefans.net/detail/20180062','第157话','2021-05-22',NULL,NULL),(9940155,'SSSS.DYNAZENON','https://www.agefans.net/detail/20200072','22:00 第7集','2021-05-21',NULL,NULL);
/*!40000 ALTER TABLE `age` ENABLE KEYS */;
UNLOCK TABLES;
/*!50003 SET @saved_cs_client      = @@character_set_client */ ;
/*!50003 SET @saved_cs_results     = @@character_set_results */ ;
/*!50003 SET @saved_col_connection = @@collation_connection */ ;
/*!50003 SET character_set_client  = utf8mb4 */ ;
/*!50003 SET character_set_results = utf8mb4 */ ;
/*!50003 SET collation_connection  = utf8mb4_0900_ai_ci */ ;
/*!50003 SET @saved_sql_mode       = @@sql_mode */ ;
/*!50003 SET sql_mode              = 'ONLY_FULL_GROUP_BY,STRICT_TRANS_TABLES,NO_ZERO_IN_DATE,NO_ZERO_DATE,ERROR_FOR_DIVISION_BY_ZERO,NO_ENGINE_SUBSTITUTION' */ ;
DELIMITER ;;
/*!50003 CREATE*/ /*!50017 DEFINER=`root`@`%`*/ /*!50003 TRIGGER `delete_on_AGE` AFTER DELETE ON `age` FOR EACH ROW begin
            if (ifexist_bili(old.bangumi_id)=-1 AND ifexist_acfun(old.bangumi_id)=-1) then
                begin
                    delete from bangumi_list
                    where bangumi_list.bangumi_id = old.bangumi_id;
                end;
            end if;
        end */;;
DELIMITER ;
/*!50003 SET sql_mode              = @saved_sql_mode */ ;
/*!50003 SET character_set_client  = @saved_cs_client */ ;
/*!50003 SET character_set_results = @saved_cs_results */ ;
/*!50003 SET collation_connection  = @saved_col_connection */ ;

--
-- Table structure for table `bangumi_cast`
--

DROP TABLE IF EXISTS `bangumi_cast`;
/*!40101 SET @saved_cs_client     = @@character_set_client */;
/*!50503 SET character_set_client = utf8mb4 */;
CREATE TABLE `bangumi_cast` (
  `bangumi_id` int NOT NULL,
  `actor` varchar(50) NOT NULL,
  PRIMARY KEY (`bangumi_id`,`actor`)
) ENGINE=InnoDB DEFAULT CHARSET=utf8;
/*!40101 SET character_set_client = @saved_cs_client */;

--
-- Dumping data for table `bangumi_cast`
--

LOCK TABLES `bangumi_cast` WRITE;
/*!40000 ALTER TABLE `bangumi_cast` DISABLE KEYS */;
INSERT INTO `bangumi_cast` VALUES (20321,'朝井彩加'),(20321,'木村良平'),(20321,'村濑步'),(1300259,'M·A·O'),(1300259,'伊藤静'),(1300259,'兴津和幸'),(1300259,'大冢芳忠'),(1300259,'柳田淳一'),(1300259,'津田健次郎'),(1300259,'田中敦子'),(1300259,'福岛润'),(1300259,'细谷佳正'),(1300259,'野川雅史'),(1300259,'齐藤贵美子'),(1300310,'三石琴乃'),(1300310,'吉野裕行'),(1300310,'宫野真守'),(1300310,'本渡枫'),(1300310,'河濑茉希'),(1300310,'田中美海'),(1300310,'田野麻美'),(1300310,'种田梨沙'),(1300310,'衣川里佳'),(1300310,'高户靖广'),(1300349,'东山奈央'),(1300349,'丰崎爱生'),(1300349,'井上麻里奈'),(1300349,'伊藤静'),(1300349,'原纱友里'),(1300349,'大冢明夫'),(1300349,'松田利冴'),(1300349,'花守由美里'),(1300349,'高桥李依'),(1300349,'黑泽朋世'),(1300428,'Hannah Grace（英语）、大原沙耶香（日语）'),(1300428,'M·A·O'),(1300428,'小山力也'),(1300428,'松田飒水'),(1300428,'片贝薰'),(1300428,'花泽香菜'),(1300428,'高山南'),(1300466,'下妻由幸'),(1300466,'井口祐一'),(1300466,'兼政郁人'),(1300466,'内田雄马'),(1300466,'冈本信彦'),(1300466,'千本木彩花'),(1300466,'南条光'),(1300466,'原优子'),(1300466,'堀内贤雄'),(1300466,'大内茜'),(1300466,'大冢刚央'),(1300466,'大冢明夫'),(1300466,'安藤樱'),(1300466,'室元气'),(1300466,'富田美忧'),(1300466,'小林亲弘'),(1300466,'小林直人'),(1300466,'小野友树'),(1300466,'山村响'),(1300466,'早见沙织'),(1300466,'星野充昭'),(1300466,'木村昴'),(1300466,'梶裕贵'),(1300466,'楠大典'),(1300466,'榎木淳弥'),(1300466,'渡部纱弓'),(1300466,'石川由依'),(1300466,'种崎敦美'),(1300466,'落合福嗣'),(1300466,'虎岛贵明'),(1300466,'诸星堇'),(1300466,'鬼头明里'),(1380276,'伊藤美来'),(1380276,'内村史子'),(1380276,'加藤英美里'),(1380276,'千本木彩花'),(1380276,'原由实'),(1380276,'古贺葵'),(1380276,'和气杏未'),(1380276,'大久保瑠美'),(1380276,'森岛优花'),(1380276,'水中雅章'),(1380276,'种崎敦美'),(1380276,'置鲇龙太郎'),(1380276,'芹泽优'),(1380276,'赤崎千夏'),(1457830,'日笠阳子'),(1457830,'日高里菜'),(1457830,'明坂聪美'),(1457830,'福山润'),(1457830,'种崎敦美'),(2160224,'上村祐翔'),(2160224,'仲野裕'),(2160224,'伊藤健太郎'),(2160224,'伊藤和晃'),(2160224,'内田夕夜'),(2160224,'加藤亮夫'),(2160224,'堀内贤雄'),(2160224,'安元洋贵'),(2160224,'岩田光央'),(2160224,'平川大辅'),(2160224,'斋藤志郎'),(2160224,'木下浩之'),(2160224,'村井美里'),(2160224,'松田健一郎'),(2160224,'森川智之'),(2160224,'森田成一'),(2160224,'楠大典'),(2160224,'武藤正史'),(2160224,'浦山迅'),(2160224,'浪川大辅'),(2160224,'玄田哲章'),(2160224,'田中敦子'),(2160224,'田中美央'),(2160224,'福山润'),(2160224,'细谷佳正'),(2160224,'花江夏树'),(2160224,'诹访部顺一'),(2160224,'野岛裕史'),(2160224,'钉宫理惠'),(2160224,'铃木达央'),(2160224,'鸟海浩辅'),(2180189,'上村祐翔'),(2180189,'丰永利行'),(2180189,'夏川椎菜'),(2180189,'宫本充'),(2180189,'宫野真守'),(2180189,'小山力也'),(2180189,'小清水亚美'),(2180189,'小见川千明'),(2180189,'小野贤章'),(2180189,'岛村侑'),(2180189,'斧笃'),(2180189,'林勇'),(2180189,'濑户麻沙美'),(2180189,'神谷浩史'),(2180189,'细谷佳正'),(2180189,'羽多野涉'),(2180189,'花仓洸幸'),(2180189,'诸星堇'),(2180189,'谷山纪章'),(2180189,'雨宫天'),(2180223,'世户沙织'),(2180223,'五十岚裕美'),(2180223,'佐藤利奈'),(2180223,'加隈亚衣'),(2180223,'原由实'),(2180223,'名冢佳织'),(2180223,'园崎未惠'),(2180223,'大桥步夕'),(2180223,'小清水亚美'),(2180223,'斋藤千和'),(2180223,'末柄里惠'),(2180223,'村川梨衣'),(2180223,'水谷麻铃'),(2180223,'泽城美雪'),(2180223,'照井春佳'),(2180223,'田中理惠'),(2180223,'石田嘉代'),(2180223,'福圆美里'),(2180223,'野川樱'),(2180223,'门胁舞以'),(2180223,'高森奈津美'),(2180241,'东地宏树'),(2180241,'中田让治'),(2180241,'久野美咲'),(2180241,'内田夕夜'),(2180241,'国立幸'),(2180241,'坂本真绫'),(2180241,'堀江瞬'),(2180241,'宫野真守'),(2180241,'小岩井小鸟'),(2180241,'小西克幸'),(2180241,'悠木碧'),(2180241,'木村良平'),(2180241,'杉田智和'),(2180241,'梶裕贵'),(2180241,'樱井孝宏'),(2180241,'水树奈奈'),(2180241,'石田彰'),(2180241,'福山润'),(2180241,'藤真秀'),(2180241,'西凛太朗'),(2180241,'铃木达央'),(2180241,'雨宫天'),(2180241,'高垣彩阳'),(2180241,'高木裕平'),(2180241,'鹤冈聪'),(2180258,'下野纮'),(2180258,'中村悠一'),(2180258,'中田让治'),(2180258,'久野美咲'),(2180258,'井上麻里奈'),(2180258,'伊濑茉莉也'),(2180258,'冈本信彦'),(2180258,'前野智昭'),(2180258,'加藤英美里'),(2180258,'原由实'),(2180258,'叶山郁美'),(2180258,'名冢佳织'),(2180258,'后藤弘树'),(2180258,'寺岛拓笃'),(2180258,'山下大辉'),(2180258,'日野聪'),(2180258,'村川梨衣'),(2180258,'松井惠理子'),(2180258,'柿原彻也'),(2180258,'樱井孝宏'),(2180258,'田村奈央'),(2180258,'藤井雪代'),(2180258,'西田雅一'),(2180258,'高垣彩阳'),(2180290,'下妻由幸'),(2180290,'井上喜久子'),(2180290,'坂本真绫'),(2180290,'大久保瑠美'),(2180290,'子安武人'),(2180290,'宫内敦士'),(2180290,'小林裕介'),(2180290,'小西克幸'),(2180290,'平山笑美'),(2180290,'日笠阳子'),(2180290,'杉田智和'),(2180290,'森久保祥太郎'),(2180290,'水野麻里绘'),(2180290,'浪川大辅'),(2180290,'渕上舞'),(2180290,'鬼头明里'),(2260901,'Hannah Grace（英语）、大原沙耶香（日语）'),(2260901,'M·A·O'),(2260901,'小山力也'),(2260901,'松田飒水'),(2260901,'片贝薰'),(2260901,'花泽香菜'),(2260901,'高山南'),(2262592,'东山奈央'),(2262592,'丰崎爱生'),(2262592,'井上麻里奈'),(2262592,'伊藤静'),(2262592,'原纱友里'),(2262592,'大冢明夫'),(2262592,'松田利冴'),(2262592,'花守由美里'),(2262592,'高桥李依'),(2262592,'黑泽朋世'),(2302762,'井上和彦'),(2302762,'原由实'),(2302762,'大空直美'),(2302762,'岸尾大辅'),(2302762,'木野日菜'),(2302762,'梅原裕一郎'),(2302762,'榎木淳弥'),(2302762,'水岛大宙'),(2302762,'泊明日菜'),(2302762,'竹内良太'),(2302762,'诹访部顺一'),(2302762,'逢坂良太'),(2302762,'龙田直树'),(2302798,'东山奈央'),(2302798,'喜多村英梨'),(2302798,'堀江瞬'),(2302798,'奥野香耶'),(2302798,'小仓唯'),(2302798,'悠木碧'),(2302798,'榎木淳弥'),(2302798,'田中爱美'),(2302798,'石川界人'),(2740369,'井上刚'),(2740369,'夛中一忠'),(2740369,'安元洋贵'),(2740369,'小林裕介'),(2740369,'小西克幸'),(2740369,'小野坂昌也'),(2740369,'杉山纪彰'),(2740369,'根谷美智子'),(2740369,'梅原裕一郎'),(2740369,'水岛大宙'),(2740369,'浅井庆一郎'),(2740369,'浪川大辅'),(2740369,'甲斐田幸'),(2740369,'笹沼晃'),(2740369,'诸星堇'),(2740369,'酒井敬幸'),(2740369,'钉宫理惠'),(2740369,'高坂笃志'),(2740369,'高户靖广'),(2740369,'高本惠'),(2740369,'高桥广树'),(2740531,'上田祐司'),(2740531,'中岛爱'),(2740531,'中村悠一'),(2740531,'堀江由衣'),(2740531,'子安武人'),(2740531,'宫园拓梦'),(2740531,'小西克幸'),(2740531,'日笠阳子'),(2740531,'日高里菜'),(2740531,'朴璐美'),(2740531,'林原惠'),(2740531,'根谷美智子'),(2740531,'森田成一'),(2740531,'樱井透'),(2740531,'水树奈奈'),(2740531,'泽海阳子'),(2740531,'熊井统子'),(2740531,'犬山犬子'),(2740531,'田中正彦'),(2740531,'绿川光'),(2740531,'花轮英司'),(2740531,'观世智显'),(2740531,'高口公介'),(2740531,'高山南'),(2740531,'高木涉'),(2740678,'三上枝织'),(2740678,'住谷哲荣'),(2740678,'坂田将吾'),(2740678,'堀曜宏'),(2740678,'山本和臣'),(2740678,'巴莱塔·裕'),(2740678,'森田顺平'),(2740678,'田边幸辅'),(2740678,'草野太一'),(4100314,'Raychell'),(4100314,'三森铃子'),(4100314,'伊藤彩沙'),(4100314,'小林亲弘'),(4100314,'苍井翔太'),(4100450,'佐仓绫音'),(4100450,'大西沙织'),(4100450,'寺岛拓笃'),(4100450,'岛崎信长'),(4100450,'松冈祯丞'),(4100450,'水濑祈'),(4100676,'井泽诗织'),(4100676,'古贺葵'),(4100676,'小西克幸'),(4100676,'山下大辉'),(4100676,'日野聪'),(4100676,'松冈祯丞'),(4100676,'石谷春贵'),(4100676,'竹达彩奈'),(4100676,'菲鲁兹·蓝'),(4100846,'七濑彩夏'),(4100846,'下鹤直幸'),(4100846,'原荣里子'),(4100846,'夜道雪'),(4100846,'宫本崇弘'),(4100846,'宫泽正'),(4100846,'日冈夏美'),(4100846,'星祐树'),(4100846,'白须庆子'),(4100846,'石井康嗣'),(4100846,'筒井真理子'),(4100846,'茅原实里'),(4100846,'鱼建'),(4720172,'东山奈央'),(4720172,'丰崎爱生'),(4720172,'井上麻里奈'),(4720172,'伊藤静'),(4720172,'原纱友里'),(4720172,'大冢明夫'),(4720172,'松田利冴'),(4720172,'花守由美里'),(4720172,'高桥李依'),(4720172,'黑泽朋世'),(5460261,'内田彩'),(5460261,'川岛零士'),(5460261,'引坂理绘'),(5460261,'斋贺光希'),(5460261,'津田健次郎'),(5460261,'爱河里花子'),(5460382,'上田丽奈'),(5460382,'中村悠一'),(5460382,'丰崎爱生'),(5460382,'佐藤聪美'),(5460382,'兴津和幸'),(5460382,'内田雄马'),(5460382,'加隈亚衣'),(5460382,'古川慎'),(5460382,'坂本真绫'),(5460382,'大地叶'),(5460382,'岛崎信长'),(5460382,'梅原裕一郎'),(5460382,'森川智之'),(5460382,'樱井孝宏'),(5460382,'江口拓也'),(5460382,'河西健吾'),(5460382,'泽城美雪'),(5460382,'潘惠美'),(5460382,'石见舞菜香'),(5460382,'种崎敦美'),(5460382,'钉宫理惠'),(5460583,'古川慎'),(5460583,'国立幸'),(5460583,'家中宏'),(5460583,'山寺宏一'),(5460583,'折笠富美子'),(5460583,'泽城美雪'),(5460583,'畠中祐'),(5460583,'石田彰'),(5460583,'诹访部顺一'),(5460583,'铃村健一'),(5460583,'高垣彩阳'),(5460984,'M·A·O'),(5460984,'冈咲美保'),(5460984,'千本木彩花'),(5460984,'古川慎'),(5460984,'大久保瑠美'),(5460984,'大冢芳忠'),(5460984,'小林亲弘'),(5460984,'山口太郎'),(5460984,'山本兼平'),(5460984,'柳田淳一'),(5460984,'江口拓也'),(5460984,'泊明日菜'),(5460984,'田中理惠'),(5460984,'福岛润'),(5680298,'东山奈央'),(5680298,'丰崎爱生'),(5680298,'井上麻里奈'),(5680298,'伊藤静'),(5680298,'原纱友里'),(5680298,'大冢明夫'),(5680298,'松田利冴'),(5680298,'花守由美里'),(5680298,'高桥李依'),(5680298,'黑泽朋世'),(5860315,'小川真奈'),(5860315,'本泉莉奈'),(5860315,'田中美海'),(5860315,'真山亚子'),(5860315,'石川界人'),(5860315,'芹泽优'),(5860315,'若井友希'),(5860363,'富田美忧'),(5860363,'日高里菜'),(5860363,'花守由美里'),(5860363,'茅野爱衣'),(5860522,'M·A·O'),(5860522,'伊藤美来'),(5860522,'山下诚一郎'),(5860522,'户松遥'),(5860522,'日冈夏美'),(5860522,'日野聪'),(5860522,'朝日奈丸佳'),(5860522,'武虎'),(5860522,'津田美波'),(5860522,'花守由美里'),(5860522,'茅野爱衣'),(5860522,'齐藤壮马'),(5860716,'中泽匡智'),(5860716,'内田夕夜'),(5860716,'楠木灯'),(5860716,'田所梓'),(5860716,'白石晴香'),(5860716,'相川奏多'),(5860716,'矢野妃菜喜'),(5860716,'高桥广树'),(5860716,'齐藤朱夏'),(5860800,'上村祐翔'),(5860800,'仲野裕'),(5860800,'伊藤健太郎'),(5860800,'伊藤和晃'),(5860800,'内田夕夜'),(5860800,'加藤亮夫'),(5860800,'堀内贤雄'),(5860800,'安元洋贵'),(5860800,'岩田光央'),(5860800,'平川大辅'),(5860800,'斋藤志郎'),(5860800,'木下浩之'),(5860800,'村井美里'),(5860800,'松田健一郎'),(5860800,'森川智之'),(5860800,'森田成一'),(5860800,'楠大典'),(5860800,'武藤正史'),(5860800,'浦山迅'),(5860800,'浪川大辅'),(5860800,'玄田哲章'),(5860800,'田中敦子'),(5860800,'田中美央'),(5860800,'福山润'),(5860800,'细谷佳正'),(5860800,'花江夏树'),(5860800,'诹访部顺一'),(5860800,'野岛裕史'),(5860800,'钉宫理惠'),(5860800,'铃木达央'),(5860800,'鸟海浩辅'),(5920229,'三上哲'),(5920229,'千叶翔也'),(5920229,'坂泰斗'),(5920229,'小野将梦'),(5920229,'山下大辉'),(5920229,'山下诚一郎'),(5920229,'早见沙织'),(5920229,'杉山里穗'),(5920229,'村田太志'),(5920229,'植木慎英'),(5920229,'楠大典'),(5920229,'白石晴香'),(5920229,'石上静香'),(5920229,'石谷春贵'),(5920229,'福原克己'),(5920229,'藤原夏海'),(5920229,'贯井柚佳'),(5920229,'铃代纱弓'),(5920229,'长谷川育美'),(5920229,'风间万裕子'),(6820380,'内山夕实'),(6820380,'内山昂辉'),(6820380,'前田玲奈'),(6820380,'古城门志帆'),(6820380,'和气杏未'),(6820380,'土屋神叶'),(6820380,'大森日雅'),(6820380,'小市真琴'),(6820380,'小松未可子'),(6820380,'小林爱香'),(6820380,'山田麻莉奈'),(6820380,'山路和弘'),(6820380,'岛村侑'),(6820380,'岛袋美由利'),(6820380,'悠木碧'),(6820380,'早见沙织'),(6820380,'春野杏'),(6820380,'木曾宽子'),(6820380,'牧野由依'),(6820380,'甲斐田裕子'),(6820380,'石川由依'),(6820380,'若山诗音'),(6820380,'诹访部顺一'),(6820380,'速水奖'),(6820380,'逢坂良太'),(6820380,'酒井美沙乃'),(6820380,'长谷川玲奈'),(6820380,'黑泽朋世'),(6820380,'黑田崇矢'),(6820510,'伊藤健太郞'),(6820510,'保住有哉'),(6820510,'山下大辉'),(6820510,'山村响'),(6820510,'岛村侑'),(6820510,'新井里美'),(6820510,'松本梨香'),(6820510,'梅原裕一郞'),(6820510,'森川智之'),(6820510,'樱井孝宏'),(6820510,'武内骏辅'),(6820510,'沼仓爱美'),(6820510,'田村由香里'),(6820510,'花泽香菜'),(6820615,'丰永利行'),(6820615,'小坂井祐莉绘'),(6820615,'木村良平'),(6820615,'榎木淳弥'),(6820615,'花泽香菜'),(6820615,'长谷川玲奈'),(6820713,'兴津和幸'),(6820713,'小林裕介'),(6820713,'川井田夏海'),(6820713,'市之濑加那'),(6820713,'石原夏织'),(6820713,'金元寿子'),(7055967,'上田丽奈'),(7055967,'八代拓'),(7055967,'小林裕介'),(7055967,'市之濑加那'),(7055967,'梅原裕一郎'),(7055967,'樱井孝宏'),(7055967,'江口拓也'),(7055967,'石川由依'),(7055967,'福山润'),(7220155,'井上喜久子'),(7220155,'井泽诗织'),(7220155,'大冢芳忠'),(7220155,'大原沙耶香'),(7220155,'寺岛拓笃'),(7220155,'小松未可子'),(7220155,'手冢弘道'),(7220155,'钉宫理惠'),(7220155,'青木志贵'),(7220236,'M·A·O'),(7220236,'井泽诗织'),(7220236,'伊东健人'),(7220236,'堀江瞬'),(7220236,'平川大辅'),(7220236,'石川界人'),(7220236,'福圆美里'),(7220236,'西山宏太朗'),(7220236,'近藤隆'),(7220236,'高桥智秋'),(7220281,'Nikray Farahnaz'),(7220281,'Reimi）'),(7220281,'内藤有海）'),(7220281,'安元洋贵'),(7220281,'宫内敦士'),(7220281,'小林亲弘'),(7220281,'斋藤志郎'),(7220281,'日野佑美'),(7220281,'村濑迪与'),(7220281,'森奈奈子'),(7220281,'田中美央'),(7220281,'田村真'),(7220281,'福西胜也'),(7220281,'种市桃子）'),(7220281,'细谷佳正'),(7220281,'铃木达央'),(7220322,'上村祐翔'),(7220322,'佐藤拓也'),(7220322,'古川慎'),(7220322,'安元洋贵'),(7220322,'小林千晃'),(7220322,'小野友树'),(7220322,'日笠阳子'),(7220322,'日野聪'),(7220322,'齐藤壮马'),(7220362,'内田雄马'),(7220362,'冈本信彦'),(7220362,'植田佳奈'),(7220362,'永冢拓马'),(7220362,'诹访部顺一'),(7220403,'下野纮'),(7220403,'小野大辅'),(7220403,'村濑步'),(7220403,'花守由美里'),(7220403,'花江夏树'),(7220403,'花泽香菜'),(7220403,'藤原夏海'),(7220403,'诹访部顺一'),(7600157,'东山奈央'),(7600157,'丰崎爱生'),(7600157,'井上麻里奈'),(7600157,'伊藤静'),(7600157,'原纱友里'),(7600157,'大冢明夫'),(7600157,'松田利冴'),(7600157,'花守由美里'),(7600157,'高桥李依'),(7600157,'黑泽朋世'),(8100195,'三宅健太'),(8100195,'上田丽奈'),(8100195,'关智一'),(8100195,'北泽力'),(8100195,'堀内贤雄'),(8100195,'小松未可子'),(8100195,'小泽亚李'),(8100195,'小清水亚美'),(8100195,'小野贤章'),(8100195,'杉田智和'),(8100195,'松本沙罗'),(8100195,'桧山修之'),(8100195,'梶裕贵'),(8100195,'永濑安娜'),(8100195,'河本邦弘'),(8100195,'洲崎绫'),(8100195,'潘惠美'),(8100195,'稻田彻'),(8100195,'置鲇龙太郎'),(8100195,'远近孝一'),(8100195,'长绳麻理亚'),(8100195,'间宫康弘'),(8100234,'上田燿司'),(8100234,'八代拓'),(8100234,'千叶翔也'),(8100234,'山谷祥生'),(8100234,'朗斯贝里·亚瑟'),(8100234,'榎木淳弥'),(8100234,'津田健次郎'),(8100234,'畠中祐'),(8100234,'益山武明'),(8100234,'福原克己'),(8100234,'福山润'),(8100234,'野上翔'),(8100234,'钉宫理惠'),(8100234,'高坂笃志'),(8100299,'M·A·O'),(8100299,'八代拓'),(8100299,'内山昂辉'),(8100299,'冈本信彦'),(8100299,'千叶翔也'),(8100299,'寺崎裕香'),(8100299,'小坂井祐莉绘'),(8100299,'小野大辅'),(8100299,'山下大辉'),(8100299,'山下诚一郎'),(8100299,'户松遥'),(8100299,'福山润'),(8100299,'茅野爱衣'),(8100299,'近藤玲奈'),(8100299,'金元寿子'),(8100299,'麻仓桃'),(8180299,'南条光'),(8180299,'富田美忧'),(8180299,'早见沙织'),(8180299,'石川由依'),(8180299,'诸星堇'),(8180299,'鬼头明里'),(8180510,'三宅健太'),(8180510,'久野美咲'),(8180510,'宫本侑芽'),(8180510,'小岩井小鸟'),(8180510,'小野寺瑠奈'),(8180510,'幸田夏穗'),(8180510,'志村知幸'),(8180510,'手冢弘道'),(8180510,'木内太郎'),(8180510,'浦山迅'),(8180510,'石毛翔弥'),(8180510,'矶边万沙子'),(8180510,'竹内绚子'),(8180510,'置鲇龙太郎'),(8180510,'钉宫理惠'),(8180510,'铃村健一'),(8180510,'阿座上洋平'),(8180510,'高木涉'),(8180679,'上坂堇'),(8180679,'井泽诗织'),(8180679,'小松未可子'),(8180679,'山下大辉'),(8180679,'铃木爱奈'),(8180825,'下地紫野'),(8180825,'佐仓绫音'),(8180825,'川岛零士'),(8180825,'篠原侑'),(8180825,'羽多野涉'),(8180825,'酒井广大'),(8180825,'鬼头明里'),(8181170,'七海弘希'),(8181170,'佐藤元'),(8181170,'坂本真绫'),(8181170,'坂泰斗'),(8181170,'增田俊树'),(8181170,'村濑步'),(8181170,'矢野奖吾'),(8181170,'鸟海浩辅'),(8181339,'叶山翔太'),(8181339,'和气杏未'),(8181339,'寺岛拓笃'),(8181339,'小野大辅'),(8181339,'广濑裕也'),(8181339,'新祐树'),(8181339,'日野聪'),(8181339,'木村昴'),(8181339,'松冈祯丞'),(8181339,'林勇'),(8181339,'武内骏辅'),(8181339,'水中雅章'),(8181339,'河西健吾'),(8181339,'竹内荣治'),(8181339,'逢坂良太'),(8181339,'野津山幸宏'),(8181339,'铃木达央'),(8181797,'日高里菜'),(8181797,'濑户麻沙美'),(8181797,'田中爱美'),(8181797,'石川由依'),(8181797,'花守由美里'),(8181797,'菲鲁兹·蓝'),(8182127,'富田美忧'),(8182127,'日高里菜'),(8182127,'村上奈津实'),(8182127,'渡部纱弓'),(8182127,'白井悠介'),(8182127,'石原夏织'),(8182127,'菊池纱矢香'),(8182127,'高桥未奈美'),(8560256,'东山奈央'),(8560256,'丰崎爱生'),(8560256,'井上麻里奈'),(8560256,'伊藤静'),(8560256,'原纱友里'),(8560256,'大冢明夫'),(8560256,'松田利冴'),(8560256,'花守由美里'),(8560256,'高桥李依'),(8560256,'黑泽朋世'),(8580256,'内山昂辉'),(8580256,'新井里美'),(8580256,'木村昴'),(8580256,'木村良平'),(8580256,'津田健次郎'),(8580256,'生天目仁美'),(8580256,'白熊宽嗣'),(8580256,'竹达彩奈'),(8580256,'胜杏里'),(8580256,'藤本隆行'),(8580256,'钵岭杏奈'),(8580256,'高桥研二'),(8580333,'中岛由贵'),(8580333,'伊藤昌弘'),(8580333,'内田雄马'),(8580333,'小野友树'),(8580333,'森岛秀太'),(8580333,'苍井翔太'),(8580333,'进藤天音'),(8580333,'远野光'),(8580374,'千本木彩花'),(8580374,'原田彩枫'),(8580374,'和气杏未'),(8580374,'悠木碧'),(8580374,'本渡枫'),(8580374,'杉山里穗'),(8580374,'沼仓爱美'),(8580374,'田中美海'),(8580374,'田村由香里'),(8580536,'中岛由贵'),(8580536,'伊藤昌弘'),(8580536,'内田雄马'),(8580536,'小野友树'),(8580536,'森岛秀太'),(8580536,'苍井翔太'),(8580536,'进藤天音'),(8580536,'远野光'),(9280201,'上村祐翔'),(9280201,'仲野裕'),(9280201,'伊藤健太郎'),(9280201,'伊藤和晃'),(9280201,'内田夕夜'),(9280201,'加藤亮夫'),(9280201,'堀内贤雄'),(9280201,'安元洋贵'),(9280201,'岩田光央'),(9280201,'平川大辅'),(9280201,'斋藤志郎'),(9280201,'木下浩之'),(9280201,'村井美里'),(9280201,'松田健一郎'),(9280201,'森川智之'),(9280201,'森田成一'),(9280201,'楠大典'),(9280201,'武藤正史'),(9280201,'浦山迅'),(9280201,'浪川大辅'),(9280201,'玄田哲章'),(9280201,'田中敦子'),(9280201,'田中美央'),(9280201,'福山润'),(9280201,'细谷佳正'),(9280201,'花江夏树'),(9280201,'诹访部顺一'),(9280201,'野岛裕史'),(9280201,'钉宫理惠'),(9280201,'铃木达央'),(9280201,'鸟海浩辅'),(9360213,'中村悠一'),(9360213,'安元洋贵'),(9360213,'小野大辅'),(9360213,'杉田智和'),(9360213,'榎木淳弥'),(9360213,'津田健次郎'),(9360213,'浪川大辅'),(9360213,'茅野爱衣'),(9360213,'藤井雪代'),(9360213,'藤原夏海'),(9360213,'远藤绫'),(9360268,'大地叶'),(9360268,'山根希美'),(9360268,'长绳麻理亚'),(9360268,'阿部里果'),(9360411,'中岛良树'),(9360411,'佐藤拓也'),(9360411,'冈本信彦'),(9360411,'前野智昭'),(9360411,'土岐隼一'),(9360411,'小笠原仁'),(9360411,'森久保祥太郎'),(9360411,'白井悠介'),(9360796,'中泽匡智'),(9360796,'内田夕夜'),(9360796,'楠木灯'),(9360796,'田所梓'),(9360796,'白石晴香'),(9360796,'相川奏多'),(9360796,'矢野妃菜喜'),(9360796,'高桥广树'),(9360796,'齐藤朱夏'),(9360853,'M·A·O'),(9360853,'丰口惠美'),(9360853,'冈咲美保'),(9360853,'前野智昭'),(9360853,'千本木彩花'),(9360853,'古川慎'),(9360853,'大久保瑠美'),(9360853,'大冢芳忠'),(9360853,'小林亲弘'),(9360853,'山口太郎'),(9360853,'山本兼平'),(9360853,'日高里菜'),(9360853,'春野杏'),(9360853,'柳田淳一'),(9360853,'樱井孝宏'),(9360853,'江口拓也'),(9360853,'泊明日菜'),(9360853,'田中理惠'),(9360853,'福岛润'),(9540807,'佐藤元'),(9540807,'八代拓'),(9540807,'内田修一'),(9540807,'内田雄马'),(9540807,'冈本信彦'),(9540807,'古川慎'),(9540807,'安元洋贵'),(9540807,'村濑步'),(9540807,'柳田淳一'),(9540807,'武内骏辅'),(9540807,'神尾晋一郎'),(9540807,'花江夏树'),(9540807,'铃木达央'),(9540807,'铃村健一'),(9540807,'驹田航'),(9540807,'齐藤壮马'),(9541034,'上田丽奈'),(9541034,'井泽诗织'),(9541034,'千菅春香'),(9541034,'大和田仁美'),(9541034,'玉城仁菜'),(9541034,'田边留依'),(9541034,'石见舞菜香'),(9541034,'高仓有加'),(9541393,'内山昂辉'),(9541393,'新井里美'),(9541393,'木村昴'),(9541393,'木村良平'),(9541393,'津田健次郎'),(9541393,'生天目仁美'),(9541393,'白熊宽嗣'),(9541393,'竹达彩奈'),(9541393,'胜杏里'),(9541393,'藤本隆行'),(9541393,'钵岭杏奈'),(9541393,'高桥研二'),(9940155,'伊濑茉莉也'),(9940155,'内山昂辉'),(9940155,'内田雄马'),(9940155,'土屋李央'),(9940155,'安济知佳'),(9940155,'小笠原仁'),(9940155,'梅原裕一郎'),(9940155,'梶原岳人'),(9940155,'榎木淳弥'),(9940155,'滨野大辉'),(9940155,'田所梓'),(9940155,'神谷浩史'),(9940155,'若山诗音'),(9940155,'诹访彩花'),(9940155,'远野光'),(9940289,'井上和彦'),(9940289,'原由实'),(9940289,'大空直美'),(9940289,'岸尾大辅'),(9940289,'木野日菜'),(9940289,'梅原裕一郎'),(9940289,'榎木淳弥'),(9940289,'水岛大宙'),(9940289,'泊明日菜'),(9940289,'竹内良太'),(9940289,'诹访部顺一'),(9940289,'逢坂良太'),(9940289,'龙田直树');
/*!40000 ALTER TABLE `bangumi_cast` ENABLE KEYS */;
UNLOCK TABLES;

--
-- Table structure for table `bangumi_company`
--

DROP TABLE IF EXISTS `bangumi_company`;
/*!40101 SET @saved_cs_client     = @@character_set_client */;
/*!50503 SET character_set_client = utf8mb4 */;
CREATE TABLE `bangumi_company` (
  `bangumi_id` int NOT NULL,
  `company_id` int NOT NULL,
  PRIMARY KEY (`bangumi_id`),
  KEY `company_id` (`company_id`)
) ENGINE=InnoDB DEFAULT CHARSET=utf8;
/*!40101 SET character_set_client = @saved_cs_client */;

--
-- Dumping data for table `bangumi_company`
--

LOCK TABLES `bangumi_company` WRITE;
/*!40000 ALTER TABLE `bangumi_company` DISABLE KEYS */;
INSERT INTO `bangumi_company` VALUES (2302762,3),(9360411,3),(9940289,3),(9360268,4),(1300349,66),(2262592,66),(4720172,66),(5680298,66),(7600157,66),(8560256,66),(1300259,67),(1300428,67),(2260901,67),(7220155,67),(8182127,67),(9541034,67),(1300466,68),(2180189,69),(2180223,70),(2180241,71),(2180258,71),(2180290,71),(2740369,71),(2302798,72),(5860363,73),(5860522,74),(6820380,74),(8181339,74),(5860716,75),(8100299,75),(8180825,75),(9360796,75),(7220362,76),(7220403,77),(8100195,78),(8100234,79),(8181797,80),(9360213,81),(5460984,82),(9360853,82),(20321,112),(1300310,114),(8180299,115),(1380276,116),(1457830,117),(2160224,118),(5860800,118),(9280201,118),(2740531,119),(2740678,120),(4100314,121),(4100450,122),(4100676,123),(4100846,124),(5460261,125),(5460382,126),(7220281,126),(9540807,126),(5460583,127),(7220236,127),(5860315,128),(5920229,129),(6820510,130),(6820615,131),(6820713,132),(7055967,133),(7220322,134),(8180510,135),(8180679,136),(8181170,137),(8580256,138),(9541393,138),(8580333,139),(8580536,139),(8580374,140),(9940155,141);
/*!40000 ALTER TABLE `bangumi_company` ENABLE KEYS */;
UNLOCK TABLES;

--
-- Table structure for table `bangumi_conduct`
--

DROP TABLE IF EXISTS `bangumi_conduct`;
/*!40101 SET @saved_cs_client     = @@character_set_client */;
/*!50503 SET character_set_client = utf8mb4 */;
CREATE TABLE `bangumi_conduct` (
  `bangumi_id` int NOT NULL,
  `conduct_id` int NOT NULL,
  PRIMARY KEY (`bangumi_id`),
  KEY `conduct_id` (`conduct_id`)
) ENGINE=InnoDB DEFAULT CHARSET=utf8;
/*!40101 SET character_set_client = @saved_cs_client */;

--
-- Dumping data for table `bangumi_conduct`
--

LOCK TABLES `bangumi_conduct` WRITE;
/*!40000 ALTER TABLE `bangumi_conduct` DISABLE KEYS */;
INSERT INTO `bangumi_conduct` VALUES (2302762,3),(9940289,3),(9360853,4),(1300349,26),(2262592,26),(4720172,26),(5680298,26),(7600157,26),(8560256,26),(9360411,42),(1300428,129),(2260901,129),(1300466,130),(2180189,131),(2180223,132),(2180241,133),(2180258,134),(2180290,135),(2302798,136),(5860363,137),(5860522,138),(5860716,139),(9360796,139),(7220362,140),(7220403,141),(8100195,142),(8100299,143),(8181797,144),(9360213,145),(9360268,146),(20321,147),(1300259,148),(1300310,149),(8180299,150),(1380276,151),(1457830,152),(2160224,153),(5860800,153),(9280201,153),(2740369,154),(2740531,155),(2740678,156),(4100314,157),(4100450,158),(4100676,159),(4100846,160),(5460261,161),(5460382,162),(5460583,163),(5460984,164),(5860315,165),(5920229,166),(6820380,167),(6820510,168),(9540807,168),(6820615,169),(6820713,170),(7055967,171),(7220155,172),(7220236,173),(7220322,174),(8180510,175),(8180679,176),(8180825,177),(8181170,178),(8181339,179),(8182127,180),(8580256,181),(9541393,181),(8580333,182),(8580536,182),(8580374,183),(9541034,184),(9940155,185);
/*!40000 ALTER TABLE `bangumi_conduct` ENABLE KEYS */;
UNLOCK TABLES;

--
-- Table structure for table `bangumi_list`
--

DROP TABLE IF EXISTS `bangumi_list`;
/*!40101 SET @saved_cs_client     = @@character_set_client */;
/*!50503 SET character_set_client = utf8mb4 */;
CREATE TABLE `bangumi_list` (
  `bangumi_id` int NOT NULL AUTO_INCREMENT,
  `name` varchar(80) NOT NULL,
  `img` varchar(100) NOT NULL,
  PRIMARY KEY (`bangumi_id`)
) ENGINE=InnoDB AUTO_INCREMENT=9940497 DEFAULT CHARSET=utf8;
/*!40101 SET character_set_client = @saved_cs_client */;

--
-- Dumping data for table `bangumi_list`
--

LOCK TABLES `bangumi_list` WRITE;
/*!40000 ALTER TABLE `bangumi_list` DISABLE KEYS */;
INSERT INTO `bangumi_list` VALUES (20321,'入间同学入魔了 第二季','../static/upload/default.webp'),(640150,'警视厅特务部特殊凶恶犯对策室第七课 -特7-','../static/upload/default.webp'),(640231,'阴阳师·平安物语 第2季 中配版','../static/upload/default.webp'),(800229,'变形金刚-塞伯坦传奇 第二季','../static/upload/default.webp'),(1300169,'通灵王','../static/upload/bangumi_img/通灵王.png'),(1300259,'极主夫道','../static/upload/bangumi_img/极主夫道.png'),(1300310,'佐贺偶像是传奇 卷土重来','../static/upload/bangumi_img/佐贺偶像是传奇 卷土重来.png'),(1300349,'摇曳露营△ 第二季','../static/upload/bangumi_img/摇曳露营△ 第二季.png'),(1300389,'金光御九界之仙古狂涛','../static/upload/default.webp'),(1300428,'舞伎家的料理人','../static/upload/default.webp'),(1300466,'摇滚少女!!STARS!! - SHOW BY ROCK!! STARS!!','../static/upload/default.webp'),(1300507,'强袭魔女：通往柏林之路','../static/upload/default.webp'),(1300549,'人类博物馆','../static/upload/default.webp'),(1300586,'日本沉没2020','../static/upload/default.webp'),(1380276,'异世界魔王与召唤少女的奴隶魔术 第二季','../static/upload/default.webp'),(1457830,'Vivy -Fluorite Eye s Song-','../static/upload/default.webp'),(1460580,'盖亚奥特曼','../static/upload/bangumi_img/盖亚奥特曼.png'),(2000147,'碧蓝幻想 第二季','../static/upload/default.webp'),(2160224,'王者天下  第三季','../static/upload/default.webp'),(2180189,'文豪野犬 汪！','../static/upload/bangumi_img/文豪野犬 汪！.png'),(2180223,'世界魔女出发！','../static/upload/bangumi_img/世界魔女出发！.png'),(2180241,'愤怒的审判','../static/upload/bangumi_img/愤怒的审判.png'),(2180258,'记录的地平线 圆桌崩坏','../static/upload/bangumi_img/记录的地平线 圆桌崩坏.png'),(2180274,'迪迦奥特曼（中配）','../static/upload/bangumi_img/迪迦奥特曼（中配）.png'),(2180290,'魔术士欧菲流浪之旅 基姆拉克篇','../static/upload/bangumi_img/魔术士欧菲流浪之旅 基姆拉克篇.png'),(2260577,'地球先锋队（中配版）','../static/upload/bangumi_img/地球先锋队（中配版）.png'),(2260901,'舞伎家的料理人','../static/upload/bangumi_img/舞伎家的料理人.png'),(2262592,'摇曳露营△ 第二季','../static/upload/default.webp'),(2302762,'天地创造设计部','../static/upload/bangumi_img/天地创造设计部.png'),(2302798,'转生成蜘蛛又怎样！','../static/upload/bangumi_img/转生成蜘蛛又怎样！.png'),(2740369,'黑塔利亚 World★Stars','../static/upload/default.webp'),(2740531,'通灵王(2021)','../static/upload/default.webp'),(2740678,'Fairy兰丸～让我来帮助你的心～','../static/upload/default.webp'),(3520153,'警视厅特务部特殊凶恶犯对策室第七课 -特7-','../static/upload/default.webp'),(3520189,'阴阳师·平安物语 第2季 中配版','../static/upload/default.webp'),(4080244,'博人传 火影忍者新时代','../static/upload/default.webp'),(4100314,'扰乱 THE PRINCESS OF SNOW AND BLOOD','../static/upload/default.webp'),(4100450,'青梅竹马绝对不会输的恋爱喜剧','../static/upload/default.webp'),(4100676,'如果究极进化的完全沉浸RPG比现实更垃圾的话','../static/upload/default.webp'),(4100846,'本田小狼与我','../static/upload/default.webp'),(4131635,'后空翻！！','../static/upload/default.webp'),(4500162,'黄逗菌','../static/upload/bangumi_img/黄逗菌.jpg'),(4500236,'獭獭突然想到','../static/upload/default.webp'),(4500285,'世说新语','../static/upload/default.webp'),(4500302,'吾猫当仙','../static/upload/default.webp'),(4500321,'变形金刚-塞伯坦传奇 第二季','../static/upload/default.webp'),(4500341,'你遭难了吗？','../static/upload/default.webp'),(4500364,'神雕实验室','../static/upload/default.webp'),(4720172,'摇曳露营△ 第二季','../static/upload/bangumi_img/摇曳露营△ 第二季.png'),(4880231,'碧蓝幻想 第二季','../static/upload/default.webp'),(5460261,'致不灭的你','../static/upload/default.webp'),(5460382,'水果篮子 最终季','../static/upload/default.webp'),(5460583,'MARS RED','../static/upload/default.webp'),(5460716,'奇巧计程车','../static/upload/default.webp'),(5460984,'转生史莱姆日记','../static/upload/default.webp'),(5461098,'闪亮美妙☆频道 第三季','../static/upload/default.webp'),(5680298,'摇曳露营△ 第二季','../static/upload/default.webp'),(5860224,'这爱情有点奇怪','../static/upload/bangumi_img/这爱情有点奇怪.png'),(5860315,'烧窑的话也要马克杯','../static/upload/bangumi_img/烧窑的话也要马克杯.png'),(5860363,'里世界郊游','../static/upload/bangumi_img/里世界郊游.png'),(5860522,'好比是最终迷宫前的少年到新手村生活一般的故事','../static/upload/default.webp'),(5860568,'埃及神明们的日常','../static/upload/default.webp'),(5860716,'大欺诈师GREAT PRETENDER','../static/upload/default.webp'),(5860800,'王者天下  第三季','../static/upload/default.webp'),(5860847,'成群逐队！西顿学园','../static/upload/default.webp'),(5860898,'房间露营','../static/upload/default.webp'),(5920229,'86-不存在的地域-','../static/upload/default.webp'),(6020232,'干支魂～猫客万来～','../static/upload/bangumi_img/干支魂～猫客万来～.png'),(6123531,'球咏','../static/upload/default.webp'),(6123550,'旗扬！兽道','../static/upload/default.webp'),(6123573,'小凉帽之白鹭归来','../static/upload/default.webp'),(6123589,'慢树懒六六','../static/upload/default.webp'),(6123608,'通灵妃 东北话版','../static/upload/default.webp'),(6123624,'我为苍生','../static/upload/default.webp'),(6400232,'结城友奈是勇者 啾噜！','../static/upload/default.webp'),(6722238,'大贵族','../static/upload/bangumi_img/大贵族.png'),(6740172,'无限滑板 - SK8 the Infinity','../static/upload/bangumi_img/无限滑板 - SK8 the Infinity.png'),(6807306,'大贵族','../static/upload/bangumi_img/大贵族.png'),(6807341,'球咏','../static/upload/default.webp'),(6807361,'旗扬！兽道','../static/upload/default.webp'),(6807386,'小凉帽之白鹭归来','../static/upload/default.webp'),(6807405,'慢树懒六六','../static/upload/default.webp'),(6807427,'通灵妃 东北话版','../static/upload/default.webp'),(6807448,'我为苍生','../static/upload/default.webp'),(6820380,'再见了，我的克拉默','../static/upload/default.webp'),(6820510,'七骑士 革命 -英雄的继承者-','../static/upload/default.webp'),(6820615,'如果这叫爱情感觉会很恶心','../static/upload/default.webp'),(6820713,'剃须。然后捡到女高中生','../static/upload/default.webp'),(6820849,'如果烧陶的话也做个马克杯吧','../static/upload/default.webp'),(7055967,'圣女魔力无所不能','../static/upload/bangumi_img/圣女魔力无所不能.png'),(7220155,'伊甸星原 EDENS ZERO','../static/upload/bangumi_img/伊甸星原 EDENS ZERO.png'),(7220236,'龙先生，想要买个家 - 龙族买房','../static/upload/bangumi_img/龙先生，想要买个家 - 龙族买房.png'),(7220281,'装甲重拳-MEGALOBOX 第二季','../static/upload/bangumi_img/装甲重拳-MEGALOBOX 第二季.png'),(7220322,'忧国的莫里亚蒂 后半','../static/upload/bangumi_img/忧国的莫里亚蒂 后半.png'),(7220362,'怪病医拉姆尼','../static/upload/bangumi_img/怪病医拉姆尼.jpg'),(7220403,'怪物事变','../static/upload/default.webp'),(7220443,'前说！','../static/upload/default.webp'),(7220479,'大话之少年游','../static/upload/default.webp'),(7220522,'警视厅特务部特殊凶恶犯对策室第七课 -特7-','../static/upload/default.webp'),(7220560,'小狼旺吉','../static/upload/default.webp'),(7220598,'阴阳师·平安物语 第2季 中配版','../static/upload/default.webp'),(7600157,'摇曳露营△ 第二季','../static/upload/bangumi_img/摇曳露营△ 第二季.png'),(7600256,'弱势角色友崎君','../static/upload/default.webp'),(7860159,'轻松小熊和小薰','../static/upload/bangumi_img/轻松小熊和小薰.png'),(7920202,'变形金刚-塞伯坦传奇 第二季','../static/upload/default.webp'),(8100195,'巴克·亚罗-BACK ARROW','../static/upload/bangumi_img/巴克·亚罗-BACK ARROW.png'),(8100234,'重创的伤口','../static/upload/bangumi_img/重创的伤口.png'),(8100268,'海獭波乐 5th','../static/upload/bangumi_img/海獭波乐 5th.png'),(8100299,'堀与宫村','../static/upload/bangumi_img/堀与宫村.png'),(8180299,'大运动会 重启','../static/upload/bangumi_img/大运动会 重启.png'),(8180510,'哥斯拉 奇点','../static/upload/default.webp'),(8180679,'不要欺负我，长瀞同学','../static/upload/default.webp'),(8180825,'影宅','../static/upload/default.webp'),(8181170,'美少年侦探团','../static/upload/default.webp'),(8181339,'东京卍复仇者','../static/upload/default.webp'),(8181629,'假面骑士圣刃','../static/upload/default.webp'),(8181797,'Tropical-Rouge！光之美少女','../static/upload/default.webp'),(8181962,'海贼王','../static/upload/default.webp'),(8182127,'战斗员派遣中！','../static/upload/default.webp'),(8560256,'摇曳露营△ 第二季','../static/upload/default.webp'),(8580174,'蔚蓝反射 澪','../static/upload/bangumi_img/蔚蓝反射 澪.png'),(8580256,'美丽新世界 The Animation-美好世界','../static/upload/bangumi_img/美丽新世界 The Animation-美好世界.png'),(8580294,'纯白之音','../static/upload/bangumi_img/纯白之音.png'),(8580333,'卡片战斗先导者overDress','../static/upload/bangumi_img/卡片战斗先导者overDress.png'),(8580374,'打了300年的史莱姆，不知不觉就练到了满级','../static/upload/bangumi_img/打了300年的史莱姆，不知不觉就练到了满级.png'),(8580409,'奥特英雄传泽塔 英雄之路','../static/upload/bangumi_img/奥特英雄传泽塔 英雄之路.png'),(8580444,'小仓鼠笛笛的吃播日常','../static/upload/default.webp'),(8580503,'与汪汪喵喵同居的开心日常','../static/upload/default.webp'),(8580536,'卡片战斗先导者外传 -if-','../static/upload/default.webp'),(8580567,'租借女友','../static/upload/default.webp'),(8580601,'请在T台上微笑','../static/upload/default.webp'),(8580634,'碧蓝幻想 第二季','../static/upload/default.webp'),(8660359,'薇薇 -萤石眼之歌-','../static/upload/bangumi_img/薇薇 -萤石眼之歌-.png'),(9280201,'王者天下  第三季','../static/upload/default.webp'),(9360213,'厨神小当家2','../static/upload/bangumi_img/厨神小当家2.png'),(9360268,'碧蓝航线：微速前行！','../static/upload/bangumi_img/碧蓝航线：微速前行！.png'),(9360355,'阿松 第三季','../static/upload/bangumi_img/阿松 第三季.png'),(9360411,'来冲浪吧！！美少年！！','../static/upload/bangumi_img/来冲浪吧！！美少年！！.png'),(9360464,'影之诗','../static/upload/bangumi_img/影之诗.png'),(9360620,'黑色四叶草','../static/upload/bangumi_img/黑色四叶草.jpg'),(9360742,'闇影詩章（僅限台灣地區）','../static/upload/bangumi_img/闇影詩章（僅限台灣地區）.png'),(9360796,'奇蛋物语 - WONDER EGG PRIORITY','../static/upload/bangumi_img/奇蛋物语 - WONDER EGG PRIORITY.png'),(9360853,'关于我转生变成史莱姆这档事 第二季','../static/upload/bangumi_img/关于我转生变成史莱姆这档事 第二季.png'),(9540807,'灼热卡巴迪','../static/upload/default.webp'),(9541034,'BLUE REFLECTION RAY - 澪','../static/upload/default.webp'),(9541393,'美妙世界','../static/upload/default.webp'),(9542424,'勇者斗恶龙 达伊的大冒险','../static/upload/default.webp'),(9542762,'斗罗大陆','../static/upload/default.webp'),(9940155,'SSSS.电光机王','../static/upload/bangumi_img/SSSS.电光机王.png'),(9940244,'魏晋小剧场','../static/upload/bangumi_img/魏晋小剧场.jpg'),(9940289,'天地创造设计部','../static/upload/default.webp'),(9940330,'索斯机兽ZERO','../static/upload/default.webp'),(9940366,'天晴烂漫！','../static/upload/default.webp'),(9940407,'富豪刑事 Balance:UNLIMITED','../static/upload/default.webp'),(9940447,'私宠甜心宝贝','../static/upload/default.webp'),(9940480,'座敷童子榻榻米酱','../static/upload/default.webp'),(9940481,'小猪佩奇 第九季','http://i0.hdslb.com/bfs/bangumi/image/cd224e3465166dc8a0ebec15265b64e2cfa19cec.jpg'),(9940482,'德凯奥特曼','http://i0.hdslb.com/bfs/bangumi/image/abccaa34208cc3ed34fe5a201cc0bf1038ecd30f.png'),(9940483,'德凯奥特曼（中配）','http://i0.hdslb.com/bfs/bangumi/image/91fec28016d5873313d36c7e828018af692ec126.png'),(9940484,'世界末日柴犬为伴','http://i0.hdslb.com/bfs/bangumi/image/f5a9e9d048ac38f2f7d18676b0434eacfe8b9c72.png'),(9940485,'间谍过家家 粤配版','http://i0.hdslb.com/bfs/bangumi/image/63bbcd872b765f2d76fbc353193bb09f59ed48a1.png'),(9940486,'青之芦苇','http://i0.hdslb.com/bfs/bangumi/image/64b8141cc835b70609fe9a3d9f6d01ab45ce141b.png'),(9940487,'间谍过家家','http://i0.hdslb.com/bfs/bangumi/image/f50a08cc1562f2c1e933b656c00db3fcafd110e9.png'),(9940488,'顶点!!!!!!!!!!!!!!!','http://i0.hdslb.com/bfs/bangumi/image/7db7359d3d30876c65c9886671080a03deffb2ba.png'),(9940489,'点满农民相关技能后，不知为何就变强了。','http://i0.hdslb.com/bfs/bangumi/image/12910e4c3ea697c8886e4d1de3f03f7ca8433e5e.jpg'),(9940490,'莉可丽丝','http://i0.hdslb.com/bfs/bangumi/image/53e6a08505b5a889feb14d2f5ee8a7f22b961847.png'),(9940491,'间谍过家家 中配版','http://i0.hdslb.com/bfs/bangumi/image/b35f2f8e9a445e1b7d1db1e9053ea0f70bd35527.png'),(9940492,'因为是反派大小姐所以养了魔王','http://i0.hdslb.com/bfs/bangumi/image/71d23457fa1b35745364b3287af723011a307b9b.png'),(9940493,'名侦探柯南','http://i0.hdslb.com/bfs/bangumi/image/38e2a273f528fd01c34f1fc4df0f69c64487efad.png'),(9940494,'飙速宅男 突破极限','http://i0.hdslb.com/bfs/bangumi/image/00b7ca4cf022132459f3e12891c856ada6571249.png'),(9940495,'新人炼金术师的店铺经营','http://i0.hdslb.com/bfs/bangumi/image/4b5074292c4e02d4e602c636fa264307e902f4db.png'),(9940496,'卡片战斗先导者will+Dress','http://i0.hdslb.com/bfs/bangumi/image/2153f8bc8422f24fecea66e8eac467038100e8ea.png');
/*!40000 ALTER TABLE `bangumi_list` ENABLE KEYS */;
UNLOCK TABLES;

--
-- Table structure for table `bilibili`
--

DROP TABLE IF EXISTS `bilibili`;
/*!40101 SET @saved_cs_client     = @@character_set_client */;
/*!50503 SET character_set_client = utf8mb4 */;
CREATE TABLE `bilibili` (
  `bangumi_id` int NOT NULL,
  `title` varchar(50) NOT NULL,
  `play_url` varchar(150) NOT NULL,
  `episode` varchar(20) NOT NULL,
  `last_update` date NOT NULL,
  `season_id` int DEFAULT NULL,
  `follows` int DEFAULT NULL,
  `plays` int DEFAULT NULL,
  PRIMARY KEY (`bangumi_id`),
  UNIQUE KEY `season_id_UNIQUE` (`season_id`)
) ENGINE=InnoDB DEFAULT CHARSET=utf8;
/*!40101 SET character_set_client = @saved_cs_client */;

--
-- Dumping data for table `bilibili`
--

LOCK TABLES `bilibili` WRITE;
/*!40000 ALTER TABLE `bilibili` DISABLE KEYS */;
INSERT INTO `bilibili` VALUES (20321,'入间同学入魔了 第二季','https://www.bilibili.com/bangumi/play/ss38224','第4话','2021-06-05',NULL,NULL,NULL),(1300169,'通灵王','https://www.bilibili.com/bangumi/play/ss38353','第11话','2021-06-10',NULL,NULL,NULL),(1300259,'极主夫道','https://www.bilibili.com/bangumi/play/ss38220','第5话','2021-05-06',NULL,NULL,NULL),(1300310,'佐贺偶像是传奇 卷土重来','https://www.bilibili.com/bangumi/play/ss37575','第10话','2021-06-10',NULL,NULL,NULL),(1460580,'盖亚奥特曼','https://www.bilibili.com/bangumi/play/ss38693','第1话-第51话','2021-05-22',NULL,NULL,NULL),(2180189,'文豪野犬 汪！','https://www.bilibili.com/bangumi/play/ss36287','第12话','2021-03-31',NULL,NULL,NULL),(2180223,'世界魔女出发！','https://www.bilibili.com/bangumi/play/ss36288','第12话','2021-03-31',NULL,NULL,NULL),(2180241,'愤怒的审判','https://www.bilibili.com/bangumi/play/ss36362','第22话','2021-06-09',NULL,NULL,NULL),(2180258,'记录的地平线 圆桌崩坏','https://www.bilibili.com/bangumi/play/ss36101','第12话','2021-03-31',NULL,NULL,NULL),(2180274,'迪迦奥特曼（中配）','https://www.bilibili.com/bangumi/play/ss38385','第1话-第52话','2021-03-31',NULL,NULL,NULL),(2180290,'魔术士欧菲流浪之旅 基姆拉克篇','https://www.bilibili.com/bangumi/play/ss36284','第11话','2021-03-31',NULL,NULL,NULL),(2260577,'地球先锋队（中配版）','https://www.bilibili.com/bangumi/play/ss38339','第21话-第22话','2021-06-10',NULL,NULL,NULL),(2260901,'舞伎家的料理人','https://www.bilibili.com/bangumi/play/ss37822','第3话','2021-04-22',NULL,NULL,NULL),(2302762,'天地创造设计部','https://www.bilibili.com/bangumi/play/ss36202','第13话','2021-04-02',NULL,NULL,NULL),(2302798,'转生成蜘蛛又怎样！','https://www.bilibili.com/bangumi/play/ss36167','第21话','2021-06-04',NULL,NULL,NULL),(4100450,'青梅竹马绝对不会输的恋爱喜剧','https://www.bilibili.com/bangumi/play/ss38222','第6话','2021-06-09',NULL,NULL,NULL),(5460261,'致不灭的你','https://www.bilibili.com/bangumi/play/ss38214','第8话','2021-06-04',NULL,NULL,NULL),(5460984,'关于我转生变成史莱姆这档事 转生史莱姆日记','https://www.bilibili.com/bangumi/play/ss38221','第7话','2021-06-06',NULL,NULL,NULL),(5860224,'这爱情有点奇怪','https://www.bilibili.com/bangumi/play/ss37924','第11话','2021-06-07',NULL,NULL,NULL),(5860315,'烧窑的话也要马克杯','https://www.bilibili.com/bangumi/play/ss38243','第10话','2021-06-07',NULL,NULL,NULL),(6020232,'干支魂～猫客万来～','https://www.bilibili.com/bangumi/play/ss38515','全片','2021-05-26',NULL,NULL,NULL),(6740172,'无限滑板 - SK8 the Infinity','https://www.bilibili.com/bangumi/play/ss36211','第12话','2021-04-04',NULL,NULL,NULL),(7055967,'圣女魔力无所不能','https://www.bilibili.com/bangumi/play/ss38236','第10话','2021-06-09',NULL,NULL,NULL),(7220155,'伊甸星原 EDENS ZERO','https://www.bilibili.com/bangumi/play/ss38230','第9话','2021-06-06',NULL,NULL,NULL),(7220236,'龙先生，想要买个家 - 龙族买房','https://www.bilibili.com/bangumi/play/ss38237','第8话','2021-05-23',NULL,NULL,NULL),(7220281,'装甲重拳-MEGALOBOX 第二季','https://www.bilibili.com/bangumi/play/ss38234','第10话','2021-06-06',NULL,NULL,NULL),(7220322,'忧国的莫里亚蒂 后半','https://www.bilibili.com/bangumi/play/ss38254','第21话','2021-06-06',NULL,NULL,NULL),(7860159,'轻松小熊和小薰','https://www.bilibili.com/bangumi/play/ss38516','全片','2021-06-01',NULL,NULL,NULL),(8100195,'巴克·亚罗-BACK ARROW','https://www.bilibili.com/bangumi/play/ss36282','第22话','2021-06-05',NULL,NULL,NULL),(8100234,'重创的伤口','https://www.bilibili.com/bangumi/play/ss36208','第13话','2021-04-03',NULL,NULL,NULL),(8100268,'海獭波乐 5th','https://www.bilibili.com/bangumi/play/ss33942','第50话','2021-05-01',NULL,NULL,NULL),(8100299,'堀与宫村','https://www.bilibili.com/bangumi/play/ss36198','第13话','2021-04-03',NULL,NULL,NULL),(8180299,'大运动会 重启','https://www.bilibili.com/bangumi/play/ss37486','第9话','2021-06-06',NULL,NULL,NULL),(8181170,'美少年侦探团','https://www.bilibili.com/bangumi/play/ss36364','第5话','2021-06-06',NULL,NULL,NULL),(8580174,'蔚蓝反射 澪','https://www.bilibili.com/bangumi/play/ss38239','第9话','2021-06-05',NULL,NULL,NULL),(8580256,'美丽新世界 The Animation-美好世界','https://www.bilibili.com/bangumi/play/ss38238','第9话','2021-06-05',NULL,NULL,NULL),(8580294,'纯白之音','https://www.bilibili.com/bangumi/play/ss38241','第10话','2021-06-05',NULL,NULL,NULL),(8580333,'卡片战斗先导者overDress','https://www.bilibili.com/bangumi/play/ss38240','第9话','2021-06-05',NULL,NULL,NULL),(8580374,'打了300年的史莱姆，不知不觉就练到了满级','https://www.bilibili.com/bangumi/play/ss38229','第9话','2021-06-05',NULL,NULL,NULL),(8660359,'薇薇 -萤石眼之歌-','https://www.bilibili.com/bangumi/play/ss38260','第7话','2021-06-06',NULL,NULL,NULL),(9360213,'厨神小当家2','https://www.bilibili.com/bangumi/play/ss34422','第12话','2021-03-30',NULL,NULL,NULL),(9360268,'碧蓝航线：微速前行！','https://www.bilibili.com/bangumi/play/ss37498','第12话','2021-03-30',NULL,NULL,NULL),(9360355,'阿松 第三季','https://www.bilibili.com/bangumi/play/ss34423','第25话','2021-03-30',NULL,NULL,NULL),(9360411,'来冲浪吧！！美少年！！','https://www.bilibili.com/bangumi/play/ss37568','第12话','2021-03-30',NULL,NULL,NULL),(9360464,'影之诗','https://www.bilibili.com/bangumi/play/ss32916','第48.5话','2021-03-30',NULL,NULL,NULL),(9360620,'黑色四叶草','https://www.bilibili.com/bangumi/play/ss6422','第170话','2021-03-30',NULL,NULL,NULL),(9360742,'闇影詩章（僅限台灣地區）','https://www.bilibili.com/bangumi/play/ss33086','第48.5话','2021-03-30',NULL,NULL,NULL),(9360796,'奇蛋物语 - WONDER EGG PRIORITY','https://www.bilibili.com/bangumi/play/ss36209','第12话','2021-03-31',NULL,NULL,NULL),(9360853,'关于我转生变成史莱姆这档事 第二季','https://www.bilibili.com/bangumi/play/ss36170','第36话','2021-03-30',NULL,NULL,NULL),(9542424,'勇者斗恶龙 达伊的大冒险','https://www.bilibili.com/bangumi/play/ss34425?from_spmid=666.13.0.0','第92话','2022-11-05',34425,279000,11423000),(9940155,'SSSS.电光机王','https://www.bilibili.com/bangumi/play/ss38233','第10话','2021-06-04',NULL,NULL,NULL),(9940481,'小猪佩奇 第九季','https://www.bilibili.com/bangumi/play/ss43013?from_spmid=666.13.0.0','第23话~第24话','2022-11-05',43013,384000,11630000),(9940482,'德凯奥特曼','https://www.bilibili.com/bangumi/play/ss42186?from_spmid=666.13.0.0','第17话','2022-11-05',42186,1612000,58594000),(9940483,'德凯奥特曼（中配）','https://www.bilibili.com/bangumi/play/ss42187?from_spmid=666.13.0.0','第17话','2022-11-05',42187,1612000,20092000),(9940484,'世界末日柴犬为伴','https://www.bilibili.com/bangumi/play/ss42199?from_spmid=666.13.0.0','即将更新 第39话','2022-11-05',42199,44000,2139000),(9940485,'间谍过家家 粤配版','https://www.bilibili.com/bangumi/play/ss43056?from_spmid=666.13.0.0','即将更新 第12话','2022-11-05',43056,11317000,6983000),(9940486,'青之芦苇','https://www.bilibili.com/bangumi/play/ss41575?from_spmid=666.13.0.0','即将更新 第10话','2022-11-05',41575,138000,2755000),(9940487,'间谍过家家','https://www.bilibili.com/bangumi/play/ss41410?from_spmid=666.13.0.0','第15话','2022-11-05',41410,11317000,459999999),(9940488,'顶点!!!!!!!!!!!!!!!','https://www.bilibili.com/bangumi/play/ss42188?from_spmid=666.13.0.0','第11话','2022-11-05',42188,89000,1477000),(9940489,'点满农民相关技能后，不知为何就变强了。','https://www.bilibili.com/bangumi/play/ss43150?from_spmid=666.13.0.0','第6话','2022-11-05',43150,456000,9310000),(9940490,'莉可丽丝','https://www.bilibili.com/bangumi/play/ss42176?from_spmid=666.13.0.0','第11话','2022-11-05',42176,1810000,38164000),(9940491,'间谍过家家 中配版','https://www.bilibili.com/bangumi/play/ss43622?from_spmid=666.13.0.0','第3话','2022-11-05',43622,11317000,2369000),(9940492,'因为是反派大小姐所以养了魔王','https://www.bilibili.com/bangumi/play/ss43146?from_spmid=666.13.0.0','第7话','2022-11-05',43146,718000,13683000),(9940493,'名侦探柯南','https://www.bilibili.com/bangumi/play/ss33378?from_spmid=666.13.0.0','即将更新 第1119话','2022-11-05',33378,6008000,710000000),(9940494,'飙速宅男 突破极限','https://www.bilibili.com/bangumi/play/ss43154?from_spmid=666.13.0.0','即将更新 第5话','2022-11-07',43154,302000,589000),(9940495,'新人炼金术师的店铺经营','https://www.bilibili.com/bangumi/play/ss43153?from_spmid=666.13.0.0','第6话','2022-11-07',43153,225000,3168000),(9940496,'卡片战斗先导者will+Dress','https://www.bilibili.com/bangumi/play/ss42080?from_spmid=666.13.0.0','第12话','2022-11-07',42080,337000,793000);
/*!40000 ALTER TABLE `bilibili` ENABLE KEYS */;
UNLOCK TABLES;

--
-- Table structure for table `company`
--

DROP TABLE IF EXISTS `company`;
/*!40101 SET @saved_cs_client     = @@character_set_client */;
/*!50503 SET character_set_client = utf8mb4 */;
CREATE TABLE `company` (
  `company_id` int NOT NULL AUTO_INCREMENT,
  `company_name` varchar(50) NOT NULL,
  `masterpiece` varchar(50) DEFAULT NULL,
  PRIMARY KEY (`company_id`)
) ENGINE=InnoDB AUTO_INCREMENT=142 DEFAULT CHARSET=utf8;
/*!40101 SET character_set_client = @saved_cs_client */;

--
-- Dumping data for table `company`
--

LOCK TABLES `company` WRITE;
/*!40000 ALTER TABLE `company` DISABLE KEYS */;
INSERT INTO `company` VALUES (3,'旭Production','天地创造设计部'),(4,'Yostar','碧蓝航线：微速前行！'),(66,'C-Station','摇曳露营△ 第二季'),(67,'J.C.STAFF','舞伎家的料理人'),(68,'Orange','摇滚少女!!STARS!! - SHOW BY ROCK!! STARS!!'),(69,'BONES、NOMAD','文豪野犬 汪！'),(70,'Acca effe、戏画Production','世界魔女出发！'),(71,'Studio DEEN','愤怒的审判'),(72,'Millepensee','转生成蜘蛛又怎样！'),(73,'LIDENFILMS×FelixFilm','里世界郊游'),(74,'LIDENFILMS','好比是最终迷宫前的少年到新手村生活一般的故事'),(75,'CloverWorks','大欺诈师GREAT PRETENDER'),(76,'Platinum Vision','怪病医拉姆尼'),(77,'亚细亚堂','怪物事变'),(78,'studio VOLN','巴克·亚罗-BACK ARROW'),(79,'GoHands','重创的伤口'),(80,'东映动画','Tropical-Rouge！光之美少女'),(81,'NAS','厨神小当家2'),(82,'8-bit','关于我转生变成史莱姆这档事 第二季'),(112,'BN Pictures','入间同学入魔了 第二季'),(113,'DMM.futureworks、W-Toon Studio','结城友奈是勇者 啾噜！'),(114,'MAPPA','佐贺偶像是传奇 卷土重来'),(115,'Seven','摇滚少女!!STARS!! - SHOW BY ROCK!! STARS!!'),(116,'手冢Production×Okuruto Noboru','异世界魔王与召唤少女的奴隶魔术 第二季'),(117,'WIT STUDIO','Vivy -Fluorite Eye s Song-'),(118,'Studio Pierrot、Studio Signpost','王者天下  第三季'),(119,'Bridge','通灵王(2021)'),(120,'STUDIO COMET','Fairy兰丸～让我来帮助你的心～'),(121,'BAKKEN RECORD','扰乱 THE PRINCESS OF SNOW AND BLOOD'),(122,'动画工房','青梅竹马绝对不会输的恋爱喜剧'),(123,'ENGI','如果究极进化的完全沉浸RPG比现实更垃圾的话'),(124,'STUDIO KAI','本田小狼与我'),(125,'Brain\'s Base','致不灭的你'),(126,'TMS Entertainment','水果篮子 最终季'),(127,'SIGNAL.MD','MARS RED'),(128,'日本动画公司','烧窑的话也要马克杯'),(129,'A-1 Pictures','86-不存在的地域-'),(130,'LIDENFILMS×domerica','七骑士 革命 -英雄的继承者-'),(131,'NOMAD','如果这叫爱情感觉会很恶心'),(132,'project No.9','剃须。然后捡到女高中生'),(133,'diomedéa','圣女魔力无所不能'),(134,'Production I.G','忧国的莫里亚蒂 后半'),(135,'BONES×Orange','哥斯拉 奇点'),(136,'Telecom Animation Film','不要欺负我，长瀞同学'),(137,'SHAFT','美少年侦探团'),(138,'DOMERICA × SHIN-EI ANIMATION','美丽新世界 The Animation-美好世界'),(139,'KINEMA CITRUS、岐阜Animation、STUDIOJEMI','卡片战斗先导者overDress'),(140,'REVOROOT','打了300年的史莱姆，不知不觉就练到了满级'),(141,'TRIGGER','SSSS.电光机王');
/*!40000 ALTER TABLE `company` ENABLE KEYS */;
UNLOCK TABLES;

--
-- Table structure for table `conduct`
--

DROP TABLE IF EXISTS `conduct`;
/*!40101 SET @saved_cs_client     = @@character_set_client */;
/*!50503 SET character_set_client = utf8mb4 */;
CREATE TABLE `conduct` (
  `conduct_id` int NOT NULL AUTO_INCREMENT,
  `conduct_name` varchar(50) NOT NULL,
  `masterpiece` varchar(50) DEFAULT NULL,
  PRIMARY KEY (`conduct_id`)
) ENGINE=InnoDB AUTO_INCREMENT=186 DEFAULT CHARSET=utf8;
/*!40101 SET character_set_client = @saved_cs_client */;

--
-- Dumping data for table `conduct`
--

LOCK TABLES `conduct` WRITE;
/*!40000 ALTER TABLE `conduct` DISABLE KEYS */;
INSERT INTO `conduct` VALUES (3,'增井壮一','天地创造设计部'),(4,'中山敦史','关于我转生变成史莱姆这档事 第二季'),(26,'京极义昭','摇曳露营△ 第二季'),(42,'尾崎隆晴','来冲浪吧！！美少年！！'),(129,'铃木洋平','舞伎家的料理人'),(130,'松见真一','摇滚少女!!STARS!! - SHOW BY ROCK!! STARS!!'),(131,'菊池聪延','文豪野犬 汪！'),(132,'伊藤史夫','世界魔女出发！'),(133,'西泽晋','愤怒的审判'),(134,'石平信司','记录的地平线 圆桌崩坏'),(135,'滨名孝行','魔术士欧菲流浪之旅 基姆拉克篇'),(136,'板垣伸','转生成蜘蛛又怎样！'),(137,'佐藤卓哉','里世界郊游'),(138,'migmi','好比是最终迷宫前的少年到新手村生活一般的故事'),(139,'若林信','大欺诈师GREAT PRETENDER'),(140,'大庭秀昭','怪病医拉姆尼'),(141,'藤森雅也','怪物事变'),(142,'谷口悟朗','巴克·亚罗-BACK ARROW'),(143,'石滨真史','堀与宫村'),(144,'土田丰','Tropical-Rouge！光之美少女'),(145,'川崎逸朗','厨神小当家2'),(146,'神保昌登','碧蓝航线：微速前行！'),(147,'森胁真琴','入间同学入魔了 第二季'),(148,'今千秋','极主夫道'),(149,'境宗久','佐贺偶像是传奇 卷土重来'),(150,'佐佐木敕嘉','摇滚少女!!STARS!! - SHOW BY ROCK!! STARS!!'),(151,'桑原智','异世界魔王与召唤少女的奴隶魔术 第二季'),(152,'江崎慎平','Vivy -Fluorite Eye s Song-'),(153,'今泉贤一','王者天下  第三季'),(154,'渡边浩','黑塔利亚 World★Stars'),(155,'古田丈司','通灵王(2021)'),(156,'菱田正和','Fairy兰丸～让我来帮助你的心～'),(157,'工藤进','扰乱 THE PRINCESS OF SNOW AND BLOOD'),(158,'直谷隆','青梅竹马绝对不会输的恋爱喜剧'),(159,'三浦和也','如果究极进化的完全沉浸RPG比现实更垃圾的话'),(160,'藤井俊郎','本田小狼与我'),(161,'村田雅彦','致不灭的你'),(162,'井端义秀','水果篮子 最终季'),(163,'羽多野浩平','MARS RED'),(164,'生原雄次','转生史莱姆日记'),(165,'神谷纯','烧窑的话也要马克杯'),(166,'石井俊匡','86-不存在的地域-'),(167,'宅野诚起','再见了，我的克拉默'),(168,'市川量也','七骑士 革命 -英雄的继承者-'),(169,'中山奈绪美','如果这叫爱情感觉会很恶心'),(170,'上北学','剃须。然后捡到女高中生'),(171,'井畑翔太','圣女魔力无所不能'),(172,'铃木勇士','伊甸星原 EDENS ZERO'),(173,'春日森春木','龙先生，想要买个家 - 龙族买房'),(174,'野村和也','忧国的莫里亚蒂 后半'),(175,'高桥敦史','哥斯拉 奇点'),(176,'花井宏和','不要欺负我，长瀞同学'),(177,'大桥一辉','影宅'),(178,'大谷肇','美少年侦探团'),(179,'初见浩一','东京卍复仇者'),(180,'赤城博昭','战斗员派遣中！'),(181,'市川量也（DOMERICA）','美丽新世界 The Animation-美好世界'),(182,'森贤','卡片战斗先导者overDress'),(183,'木村延景','打了300年的史莱姆，不知不觉就练到了满级'),(184,'吉田里纱子','BLUE REFLECTION RAY - 澪'),(185,'雨宫哲','SSSS.电光机王');
/*!40000 ALTER TABLE `conduct` ENABLE KEYS */;
UNLOCK TABLES;

--
-- Temporary view structure for view `detail_info`
--

DROP TABLE IF EXISTS `detail_info`;
/*!50001 DROP VIEW IF EXISTS `detail_info`*/;
SET @saved_cs_client     = @@character_set_client;
/*!50503 SET character_set_client = utf8mb4 */;
/*!50001 CREATE VIEW `detail_info` AS SELECT 
 1 AS `bangumi_id`,
 1 AS `name`,
 1 AS `company_name`,
 1 AS `conduct_name`,
 1 AS `img`*/;
SET character_set_client = @saved_cs_client;

--
-- Table structure for table `user_list`
--

DROP TABLE IF EXISTS `user_list`;
/*!40101 SET @saved_cs_client     = @@character_set_client */;
/*!50503 SET character_set_client = utf8mb4 */;
CREATE TABLE `user_list` (
  `if_manager` enum('Y','N') NOT NULL DEFAULT 'N',
  `user_id` int NOT NULL AUTO_INCREMENT,
  `name` varchar(20) DEFAULT NULL,
  `password` varchar(128) NOT NULL,
  `privilege` char(4) NOT NULL DEFAULT 'YNNN',
  PRIMARY KEY (`user_id`),
  UNIQUE KEY `name` (`name`)
) ENGINE=InnoDB AUTO_INCREMENT=13 DEFAULT CHARSET=utf8;
/*!40101 SET character_set_client = @saved_cs_client */;

--
-- Dumping data for table `user_list`
--

LOCK TABLES `user_list` WRITE;
/*!40000 ALTER TABLE `user_list` DISABLE KEYS */;
INSERT INTO `user_list` VALUES ('Y',1,'jhchen','pbkdf2:sha256:150000$02P298NB$d1c342ccf129997d2fe24069aa7ae3d3f452de6840daaa40bfde4ce39a4cc664','YYYY'),('Y',8,'zlyang','pbkdf2:sha256:150000$02P298NB$d1c342ccf129997d2fe24069aa7ae3d3f452de6840daaa40bfde4ce39a4cc664','YYYY'),('N',9,'Mekinzon','pbkdf2:sha256:150000$qh1P9BIB$02cbbcd3465f02a4c0205ae9677a3a83996bbf758f15355421bf94eaa7d04c03','YYYY'),('N',10,'woshisb','pbkdf2:sha256:150000$39wTL5xs$4f21fc77ec59772f6d2216c8b8b489e8271e32a84b46dfa370e6b24e562447fb','YNNN'),('N',12,'cjh','pbkdf2:sha256:260000$F9DKn9EpuYIEcxIm$e1e4c5bc333777b994265581999c95cafb66e81fe17a3374cc34e52f51c4b7ea','YNNN');
/*!40000 ALTER TABLE `user_list` ENABLE KEYS */;
UNLOCK TABLES;

--
-- Final view structure for view `detail_info`
--

/*!50001 DROP VIEW IF EXISTS `detail_info`*/;
/*!50001 SET @saved_cs_client          = @@character_set_client */;
/*!50001 SET @saved_cs_results         = @@character_set_results */;
/*!50001 SET @saved_col_connection     = @@collation_connection */;
/*!50001 SET character_set_client      = utf8 */;
/*!50001 SET character_set_results     = utf8 */;
/*!50001 SET collation_connection      = utf8_general_ci */;
/*!50001 CREATE ALGORITHM=UNDEFINED */
/*!50013 DEFINER=`jhchen`@`localhost` SQL SECURITY DEFINER */
/*!50001 VIEW `detail_info` AS select `bangumi_list`.`bangumi_id` AS `bangumi_id`,`bangumi_list`.`name` AS `name`,`company`.`company_name` AS `company_name`,`conduct`.`conduct_name` AS `conduct_name`,`bangumi_list`.`img` AS `img` from ((((`bangumi_list` join `bangumi_company` on((`bangumi_list`.`bangumi_id` = `bangumi_company`.`bangumi_id`))) join `bangumi_conduct` on((`bangumi_list`.`bangumi_id` = `bangumi_conduct`.`bangumi_id`))) join `company` on((`bangumi_company`.`company_id` = `company`.`company_id`))) join `conduct` on(((`bangumi_conduct`.`conduct_id` = `conduct`.`conduct_id`) and (`company`.`masterpiece` = `conduct`.`masterpiece`)))) */;
/*!50001 SET character_set_client      = @saved_cs_client */;
/*!50001 SET character_set_results     = @saved_cs_results */;
/*!50001 SET collation_connection      = @saved_col_connection */;
/*!40103 SET TIME_ZONE=@OLD_TIME_ZONE */;

/*!40101 SET SQL_MODE=@OLD_SQL_MODE */;
/*!40014 SET FOREIGN_KEY_CHECKS=@OLD_FOREIGN_KEY_CHECKS */;
/*!40014 SET UNIQUE_CHECKS=@OLD_UNIQUE_CHECKS */;
/*!40101 SET CHARACTER_SET_CLIENT=@OLD_CHARACTER_SET_CLIENT */;
/*!40101 SET CHARACTER_SET_RESULTS=@OLD_CHARACTER_SET_RESULTS */;
/*!40101 SET COLLATION_CONNECTION=@OLD_COLLATION_CONNECTION */;
/*!40111 SET SQL_NOTES=@OLD_SQL_NOTES */;

-- Dump completed on 2022-11-07 17:29:16
